onset	duration	trial_type	rt	resp
0.00038608303293585777	0.6338504999876022	fixation_1	999	999
0.6347022920381278	3.0493484159815125	face	n/a	n/a
3.684153292037081	0.6338504999876022	fixation_2	999	999
4.2349031250341795	1.0158199169673026	feedback win	999	999
5.250726042024326	5.317722874984611	ITI	999	999
