onset	duration	trial_type	rt	resp	gender	image_left	image_right
0.7400695998221636	3.006426999345422	decision	1.28692239895463	left	P	P_MF901.jpg	P_MF902.jpg
4.289277398958802	1.0167069006711245	win	n/a	n/a	n/a	P_MF901.jpg	P_MF902.jpg
8.055946700274944	3.005130598321557	decision	1.0327688995748758	right	P	P_FF901.jpg	P_FF902.jpg
11.605030899867415	1.000051200389862	loss	n/a	n/a	n/a	P_FF901.jpg	P_FF902.jpg
15.338513400405645	3.0047205984592438	decision	1.2821740992367268	left	P	P_MF903.jpg	P_MF904.jpg
18.88785499893129	1.0000526998192072	win	n/a	n/a	n/a	P_MF903.jpg	P_MF904.jpg
