onset	duration	trial_type	rt	resp	gender	image_left	image_right
0.7237045001238585	3.0032863998785615	decision	2.8007505000568926	left	P	P_MF901.jpg	P_MF902.jpg
4.276142400223762	1.0004509999416769	win	n/a	n/a	n/a	P_MF901.jpg	P_MF902.jpg
7.978970400057733	3.004108600318432	decision	2.3008451000787318	left	P	P_FF901.jpg	P_FF902.jpg
11.531343400012702	1.0005801999941468	loss	n/a	n/a	n/a	P_FF901.jpg	P_FF902.jpg
15.233910700306296	3.0041570998728275	decision	2.3019809001125395	right	P	P_MF903.jpg	P_MF904.jpg
18.786653000395745	1.0004373998381197	win	n/a	n/a	n/a	P_MF903.jpg	P_MF904.jpg
