onset	duration	trial_type	rt	resp	gender	image_left	image_right
0.7183721999172121	3.0058697999920696	decision	1.2843579000327736	left	M	MF001.jpg	MF002.jpg
4.26677340012975	1.0161835998296738	win	n/a	n/a	n/a	MF001.jpg	MF002.jpg
11.364333600038663	3.006220899987966	decision	1.0327657999005169	right	M	MF003.jpg	MF004.jpg
14.912802299950272	1.0163495000451803	loss	n/a	n/a	n/a	MF003.jpg	MF004.jpg
